Name,Password,DOB,Age,Feedback
jydrhdhfafa,2341352525fhhdhfaef,2024-07-09,35,sgsgshshsfafaf
g,6PZzJquNTwL!qwP,1966-09-01,27,srgddsg
g,6PZzJquNTwL!qwP,1966-09-01,27,srgddsg
g,6PZzJquNTwL!qwP,1966-09-01,27,srgddsg
g,6PZzJquNTwL!qwP,1966-09-01,27,srgddsg
g,6PZzJquNTwL!qwP,1966-09-01,27,srgddsg
g,6PZzJquNTwL!qwP,1966-09-01,27,srgddsg
g,6PZzJquNTwL!qwP,1966-09-01,27,srgddsg
g,6PZzJquNTwL!qwP,1966-09-01,27,srgddsg
g,6PZzJquNTwL!qwP,1966-09-01,27,srgddsg
g,6PZzJquNTwL!qwP,1966-09-01,27,srgddsg
g,6PZzJquNTwL!qwP,1966-09-01,27,srgddsg
g,6PZzJquNTwL!qwP,1966-09-01,27,srgddsg
g,6PZzJquNTwL!qwP,1966-09-01,27,srgddsg
g,6PZzJquNTwL!qwP,1966-09-01,27,srgddsg
